field,description
atvtype ,type of alternative fuel or advanced technology vehicle
barrels08 ,annual petroleum consumption in barrels for fuelType1 (1)
barrelsA08 ,annual petroleum consumption in barrels for fuelType2 (1)
charge120 ,time to charge an electric vehicle in hours at 120 V
charge240 ,time to charge an electric vehicle in hours at 240 V
city08 ,"city MPG for fuelType1 (2), (11)"
city08U ,"unrounded city MPG for fuelType1 (2), (3)"
cityA08 ,city MPG for fuelType2 (2)
cityA08U ,"unrounded city MPG for fuelType2 (2), (3)"
cityCD ,city gasoline consumption (gallons/100 miles) in charge depleting mode (4)
cityE ,city electricity consumption in kw-hrs/100 miles
cityUF ,EPA city utility factor (share of electricity) for PHEV
co2 ,tailpipe CO2 in grams/mile for fuelType1 (5)
co2A ,tailpipe CO2 in grams/mile for fuelType2 (5)
co2TailpipeAGpm ,tailpipe CO2 in grams/mile for fuelType2 (5)
co2TailpipeGpm,tailpipe CO2 in grams/mile for fuelType1 (5)
comb08 ,"combined MPG for fuelType1 (2), (11)"
comb08U ,"unrounded combined MPG for fuelType1 (2), (3)"
combA08 ,combined MPG for fuelType2 (2)
combA08U ,"unrounded combined MPG for fuelType2 (2), (3)"
combE ,combined electricity consumption in kw-hrs/100 miles
combinedCD ,combined gasoline consumption (gallons/100 miles) in charge depleting mode (4)
combinedUF ,EPA combined utility factor (share of electricity) for PHEV
cylinders ,engine cylinders
displ ,engine displacement in liters
drive ,drive axle type
engId ,EPA model type index
eng_dscr ,engine descriptor; see http://www.fueleconomy.gov/feg/findacarhelp.shtml#engine
evMotor ,electric motor (kw-hrs)
feScore ,EPA Fuel Economy Score (-1 = Not available)
fuelCost08 ,annual fuel cost for fuelType1 ($) (7)
fuelCostA08 ,annual fuel cost for fuelType2 ($) (7)
fuelType ,fuel type with fuelType1 and fuelType2 (if applicable)
fuelType1 ,"fuel type 1. For single fuel vehicles, this will be the only fuel. For dual fuel vehicles, this will be the conventional fuel."
fuelType2 ,"fuel type 2. For dual fuel vehicles, this will be the alternative fuel (e.g. E85, Electricity, CNG, LPG). For single fuel vehicles, this field is not used"
ghgScore ,EPA GHG score (-1 = Not available)
ghgScoreA ,EPA GHG score for dual fuel vehicle running on the alternative fuel (-1 = Not available)
guzzler,"if G or T, this vehicle is subject to the gas guzzler tax"
highway08 ,"highway MPG for fuelType1 (2), (11)"
highway08U ,"unrounded highway MPG for fuelType1 (2), (3)"
highwayA08 ,highway MPG for fuelType2 (2)
highwayA08U ,"unrounded highway MPG for fuelType2 (2),(3)"
highwayCD ,highway gasoline consumption (gallons/100miles) in charge depleting mode (4)
highwayE ,highway electricity consumption in kw-hrs/100 miles
highwayUF ,EPA highway utility factor (share of electricity) for PHEV
hlv ,hatchback luggage volume (cubic feet) (8)
hpv ,hatchback passenger volume (cubic feet) (8)
id ,vehicle record id
lv2 ,2 door luggage volume (cubic feet) (8)
lv4 ,4 door luggage volume (cubic feet) (8)
make ,manufacturer (division)
mfrCode ,3-character manufacturer code
model ,model name (carline)
mpgData ,has My MPG data; see yourMpgVehicle and yourMpgDriverVehicle
phevBlended ,"if true, this vehicle operates on a blend of gasoline and electricity in charge depleting mode"
pv2 ,2-door passenger volume (cubic feet) (8)
pv4 ,4-door passenger volume (cubic feet) (8)
rangeA ,EPA range for fuelType2
rangeCityA ,EPA city range for fuelType2
